aginst	against
apprized	apprised
atchievements	achievements
choaked	choked
cieling	ceiling
comprized	comprised
crouds	crowds
detestible	detestable
disasterous	disastrous
ecstacy	ecstasy
exstatic	ecstatic
falshood	falsehood
faulter	falter
faultered	faltered
faultering	faltering
forsaw	foresaw
havock	havoc
hopelesness	hopelessness
impowered	empowered
incontestibly	incontestably
indispensible	indispensable
intreaties	entreaties
intreaty	entreaty
irresistable	irresistible
irresistably	irresistibly
pacquet	packet
paricide	parricide
prognosticks	prognostics
pryed	pried
recal	recall
reconcileable	reconcilable
rivetted	riveted
scite	site
shrowded	shrouded
shrowding	shrouding
stupified	stupefied
suspence	suspense
transcendant	transcendent
unshrowded	unshrouded
